EmpID,Name,Age,Gender,Department,Salary,JoiningDate,PerformanceScore,WorkHours
1,Employee_1,50,Female,Sales,90000,2015-01-01,3,43
2,Employee_2,36,Male,Finance,62500,2015-01-02,2,54
3,Employee_3,29,Male,Finance,39500,2015-01-03,1,54
4,Employee_4,42,Male,Sales,35000,2015-01-04,4,37
5,Employee_5,40,Male,Finance,41500,2015-01-05,4,37
6,Employee_6,44,Female,IT,45000,2015-01-06,4,56
7,Employee_7,32,Female,IT,50000,2015-01-07,2,59
8,Employee_8,32,Female,Finance,65500,2015-01-08,,41
9,Employee_9,45,Male,Marketing,53500,2015-01-09,3,30
10,Employee_10,57,Female,Sales,62000,2015-01-10,1,40
11,Employee_11,45,Male,IT,36000,2015-01-11,5,37
12,Employee_12,24,Female,Marketing,88500,2015-01-12,,39
13,Employee_13,43,Male,Finance,99500,2015-01-13,3,59
14,Employee_14,23,Male,Marketing,33000,2015-01-14,2,48
15,Employee_15,45,Female,HR,59000,2015-01-15,3,40
16,Employee_16,51,Female,IT,78500,2015-01-16,3,36
17,Employee_17,59,Female,Finance,94000,2015-01-17,2,40
18,Employee_18,23,Female,Sales,71500,2015-01-18,4,60
19,Employee_19,42,Male,Finance,32000,2015-01-19,4,46
20,Employee_20,54,Female,Sales,70000,2015-01-20,1,30
21,Employee_21,33,Female,Finance,41000,2015-01-21,1,
22,Employee_22,43,Female,Marketing,87000,2015-01-22,4,55
23,Employee_23,46,Male,Marketing,32500,2015-01-23,,58
24,Employee_24,48,Male,Marketing,57500,2015-01-24,5,50
25,Employee_25,49,Female,HR,48000,2015-01-25,3,50
26,Employee_26,37,Male,Sales,98500,2015-01-26,5,37
27,Employee_27,36,Female,Marketing,86500,2015-01-27,3,52
28,Employee_28,24,Male,HR,25000,2015-01-28,4,53
29,Employee_29,58,Male,Sales,68000,2015-01-29,1,35
30,Employee_30,28,Male,Finance,88500,2015-01-30,,51
31,Employee_31,42,Male,HR,58000,2015-01-31,1,47
32,Employee_32,30,Female,IT,26500,2015-02-01,5,35
33,Employee_33,39,Female,HR,48000,2015-02-02,1,34
34,Employee_34,25,Female,HR,43500,2015-02-03,4,42
35,Employee_35,46,Male,Sales,96000,2015-02-04,,
36,Employee_36,35,Female,Finance,35000,2015-02-05,5,48
37,Employee_37,30,Female,IT,53000,2015-02-06,,51
38,Employee_38,47,Female,Marketing,83000,2015-02-07,3,37
39,Employee_39,23,Male,Marketing,47500,2015-02-08,1,38
40,Employee_40,41,Male,HR,95500,2015-02-09,,46
41,Employee_41,49,Male,Sales,97000,2015-02-10,2,32
42,Employee_42,28,Female,Sales,44000,2015-02-11,1,48
43,Employee_43,29,Female,Marketing,93000,2015-02-12,3,40
44,Employee_44,56,Female,IT,74000,2015-02-13,,53
45,Employee_45,35,Male,Finance,63000,2015-02-14,5,46
46,Employee_46,38,Male,IT,82000,2015-02-15,3,50
47,Employee_47,57,Female,Finance,91500,2015-02-16,2,48
48,Employee_48,25,Male,Marketing,100000,2015-02-17,,31
49,Employee_49,23,Male,Finance,70000,2015-02-18,4,60
50,Employee_50,27,Male,Sales,73500,2015-02-19,1,37
51,Employee_51,25,Male,HR,84500,2015-02-20,5,48
52,Employee_52,50,Female,HR,47500,2015-02-21,4,36
53,Employee_53,39,Male,Marketing,43500,2015-02-22,,57
54,Employee_54,47,Male,Sales,95500,2015-02-23,,56
55,Employee_55,55,Male,IT,74500,2015-02-24,3,46
56,Employee_56,31,Male,Sales,60500,2015-02-25,,35
57,Employee_57,57,Female,HR,42000,2015-02-26,5,48
58,Employee_58,35,Female,HR,98000,2015-02-27,4,53
59,Employee_59,52,Male,Sales,39500,2015-02-28,5,35
60,Employee_60,36,Male,Sales,63500,2015-03-01,2,57
61,Employee_61,29,Male,HR,66500,2015-03-02,2,31
62,Employee_62,35,Male,IT,81000,2015-03-03,1,35
63,Employee_63,44,Male,Marketing,37000,2015-03-04,1,52
64,Employee_64,42,Male,Marketing,68500,2015-03-05,2,34
65,Employee_65,37,Female,Sales,31500,2015-03-06,,48
66,Employee_66,39,Male,Marketing,75500,2015-03-07,5,49
67,Employee_67,45,Female,HR,99500,2015-03-08,2,33
68,Employee_68,47,Female,HR,66000,2015-03-09,1,51
69,Employee_69,46,Male,Sales,79500,2015-03-10,2,55
70,Employee_70,50,Female,Sales,90000,2015-03-11,,46
71,Employee_71,36,Female,Sales,34000,2015-03-12,2,40
72,Employee_72,22,Female,IT,38500,2015-03-13,5,33
73,Employee_73,46,Female,Marketing,60000,2015-03-14,4,55
74,Employee_74,28,Female,Sales,56000,2015-03-15,,42
75,Employee_75,30,Female,Finance,61000,2015-03-16,1,49
76,Employee_76,45,Male,Finance,86500,2015-03-17,5,55
77,Employee_77,22,Female,HR,84000,2015-03-18,2,
78,Employee_78,29,Female,Marketing,85000,2015-03-19,2,46
79,Employee_79,45,Female,Sales,34000,2015-03-20,4,38
80,Employee_80,32,Male,Finance,95500,2015-03-21,1,33
81,Employee_81,38,Female,Marketing,84500,2015-03-22,1,52
82,Employee_82,29,Male,HR,55000,2015-03-23,3,57
83,Employee_83,56,Female,IT,39500,2015-03-24,1,43
84,Employee_84,56,Male,Marketing,29000,2015-03-25,4,48
85,Employee_85,54,Male,Marketing,56500,2015-03-26,3,55
86,Employee_86,26,Female,IT,84500,2015-03-27,3,57
87,Employee_87,49,Female,Marketing,50500,2015-03-28,2,32
88,Employee_88,28,Male,HR,69000,2015-03-29,2,43
89,Employee_89,30,Female,HR,95500,2015-03-30,1,37
90,Employee_90,29,Male,IT,51000,2015-03-31,3,53
91,Employee_91,33,Male,Sales,63500,2015-04-01,2,56
92,Employee_92,55,Male,Finance,45000,2015-04-02,4,57
93,Employee_93,54,Male,Sales,58500,2015-04-03,2,30
94,Employee_94,44,Male,Marketing,28500,2015-04-04,,39
95,Employee_95,45,Female,Finance,25500,2015-04-05,,47
96,Employee_96,58,Male,IT,77000,2015-04-06,2,45
97,Employee_97,56,Male,IT,87000,2015-04-07,3,37
98,Employee_98,43,Female,Finance,79500,2015-04-08,3,30
99,Employee_99,48,Male,HR,67500,2015-04-09,5,60
100,Employee_100,56,Female,Finance,84500,2015-04-10,,41
101,Employee_101,22,Female,Marketing,88000,2015-04-11,4,37
102,Employee_102,56,Female,HR,32500,2015-04-12,3,53
103,Employee_103,58,Male,IT,55500,2015-04-13,1,45
104,Employee_104,35,Male,Finance,81000,2015-04-14,,47
105,Employee_105,24,Male,Sales,30500,2015-04-15,4,33
106,Employee_106,22,Female,Sales,42000,2015-04-16,4,35
107,Employee_107,26,Male,Marketing,30000,2015-04-17,3,41
108,Employee_108,47,Female,Sales,56500,2015-04-18,4,56
109,Employee_109,35,Male,Finance,49500,2015-04-19,3,38
110,Employee_110,48,Female,Finance,99000,2015-04-20,2,44
111,Employee_111,30,Male,Sales,59000,2015-04-21,,45
112,Employee_112,36,Male,Finance,48500,2015-04-22,5,53
113,Employee_113,36,Male,Marketing,34500,2015-04-23,2,41
114,Employee_114,47,Female,HR,75000,2015-04-24,,60
115,Employee_115,34,Female,Marketing,93000,2015-04-25,3,53
116,Employee_116,53,Male,Marketing,58500,2015-04-26,,52
117,Employee_117,53,Male,Finance,42000,2015-04-27,3,43
118,Employee_118,25,Female,HR,57000,2015-04-28,2,42
119,Employee_119,51,Female,Finance,28500,2015-04-29,1,54
120,Employee_120,58,Female,IT,47000,2015-04-30,1,60
121,Employee_121,44,Male,Finance,68000,2015-05-01,,31
122,Employee_122,36,Female,Finance,62500,2015-05-02,1,32
123,Employee_123,50,Male,Finance,62500,2015-05-03,3,55
124,Employee_124,57,Female,HR,48000,2015-05-04,4,53
125,Employee_125,34,Male,Finance,32000,2015-05-05,3,59
126,Employee_126,53,Female,HR,77000,2015-05-06,4,51
127,Employee_127,28,Female,Sales,98000,2015-05-07,2,39
128,Employee_128,43,Female,IT,37500,2015-05-08,5,38
129,Employee_129,49,Female,HR,50500,2015-05-09,4,55
130,Employee_130,23,Female,Sales,71000,2015-05-10,1,49
131,Employee_131,27,Male,HR,99500,2015-05-11,3,
132,Employee_132,49,Female,HR,35000,2015-05-12,2,37
133,Employee_133,49,Female,IT,50000,2015-05-13,1,39
134,Employee_134,41,Female,Marketing,43500,2015-05-14,2,48
135,Employee_135,51,Male,Marketing,34500,2015-05-15,5,32
136,Employee_136,32,Female,HR,90500,2015-05-16,3,53
137,Employee_137,49,Male,Finance,52000,2015-05-17,,34
138,Employee_138,46,Female,Sales,70500,2015-05-18,3,32
139,Employee_139,54,Female,Finance,38500,2015-05-19,5,55
140,Employee_140,22,Male,Finance,26500,2015-05-20,3,56
141,Employee_141,48,Female,HR,99500,2015-05-21,,45
142,Employee_142,34,Male,HR,62500,2015-05-22,4,46
143,Employee_143,24,Male,HR,58000,2015-05-23,2,44
144,Employee_144,27,Female,HR,67500,2015-05-24,,32
145,Employee_145,29,Male,Marketing,70000,2015-05-25,1,41
146,Employee_146,48,Female,HR,77000,2015-05-26,5,38
147,Employee_147,30,Female,Marketing,25000,2015-05-27,4,50
148,Employee_148,58,Male,Marketing,60500,2015-05-28,1,41
149,Employee_149,54,Male,HR,68000,2015-05-29,1,55
150,Employee_150,45,Male,IT,27500,2015-05-30,5,44
151,Employee_151,36,Male,Sales,97000,2015-05-31,4,31
152,Employee_152,53,Female,Finance,55000,2015-06-01,1,52
153,Employee_153,53,Female,Marketing,30500,2015-06-02,1,60
154,Employee_154,45,Male,Sales,27500,2015-06-03,4,47
155,Employee_155,33,Female,IT,38000,2015-06-04,3,49
156,Employee_156,23,Female,Finance,92500,2015-06-05,1,41
157,Employee_157,24,Female,Finance,86500,2015-06-06,2,52
158,Employee_158,58,Female,Marketing,77500,2015-06-07,4,33
159,Employee_159,38,Male,HR,71000,2015-06-08,1,52
160,Employee_160,23,Male,IT,79000,2015-06-09,5,45
161,Employee_161,23,Female,Marketing,74000,2015-06-10,,52
162,Employee_162,49,Male,IT,95500,2015-06-11,2,45
163,Employee_163,44,Male,HR,42000,2015-06-12,,30
164,Employee_164,58,Male,HR,66500,2015-06-13,,51
165,Employee_165,53,Female,Marketing,52500,2015-06-14,1,54
166,Employee_166,54,Female,HR,95000,2015-06-15,2,31
167,Employee_167,22,Female,Sales,49000,2015-06-16,2,59
168,Employee_168,40,Male,Finance,47500,2015-06-17,3,32
169,Employee_169,23,Female,Marketing,81000,2015-06-18,,55
170,Employee_170,47,Female,IT,92500,2015-06-19,2,50
171,Employee_171,53,Male,Sales,46000,2015-06-20,3,54
172,Employee_172,27,Female,Marketing,98500,2015-06-21,4,49
173,Employee_173,53,Female,HR,86500,2015-06-22,3,46
174,Employee_174,25,Male,HR,73000,2015-06-23,5,49
175,Employee_175,32,Male,HR,69500,2015-06-24,1,51
176,Employee_176,38,Male,HR,44000,2015-06-25,4,50
177,Employee_177,59,Female,IT,67000,2015-06-26,4,59
178,Employee_178,45,Female,Sales,55500,2015-06-27,5,58
179,Employee_179,26,Female,Finance,77500,2015-06-28,3,30
180,Employee_180,55,Male,IT,78000,2015-06-29,1,49
181,Employee_181,27,Male,IT,51500,2015-06-30,3,35
182,Employee_182,43,Female,Finance,87500,2015-07-01,2,58
183,Employee_183,32,Female,Finance,29000,2015-07-02,3,44
184,Employee_184,37,Male,HR,68500,2015-07-03,4,55
185,Employee_185,54,Male,IT,43000,2015-07-04,1,55
186,Employee_186,30,Male,Marketing,49000,2015-07-05,3,43
187,Employee_187,27,Male,Finance,45000,2015-07-06,1,49
188,Employee_188,37,Female,Finance,33000,2015-07-07,1,44
189,Employee_189,50,Male,Sales,68500,2015-07-08,2,43
190,Employee_190,24,Female,Marketing,35000,2015-07-09,2,54
191,Employee_191,41,Female,Marketing,50000,2015-07-10,4,50
192,Employee_192,57,Female,Finance,54000,2015-07-11,5,53
193,Employee_193,40,Male,HR,45000,2015-07-12,1,54
194,Employee_194,47,Male,Sales,44000,2015-07-13,5,55
195,Employee_195,24,Male,Marketing,95000,2015-07-14,4,34
196,Employee_196,40,Male,Finance,30000,2015-07-15,1,35
197,Employee_197,41,Female,Marketing,98000,2015-07-16,1,46
198,Employee_198,53,Male,Sales,94000,2015-07-17,,40
199,Employee_199,28,Male,Sales,63000,2015-07-18,5,45
200,Employee_200,54,Female,IT,88000,2015-07-19,3,41
201,Employee_201,39,Male,Finance,47500,2015-07-20,2,44
202,Employee_202,22,Female,Sales,47000,2015-07-21,3,52
203,Employee_203,32,Female,IT,25000,2015-07-22,5,33
204,Employee_204,49,Female,IT,78500,2015-07-23,2,56
205,Employee_205,46,Female,Marketing,34000,2015-07-24,3,47
206,Employee_206,44,Female,Marketing,62500,2015-07-25,,50
207,Employee_207,52,Female,IT,60500,2015-07-26,2,57
208,Employee_208,51,Female,Marketing,79000,2015-07-27,1,32
209,Employee_209,56,Female,Sales,30500,2015-07-28,3,51
210,Employee_210,28,Male,HR,47000,2015-07-29,2,37
211,Employee_211,37,Male,Sales,69500,2015-07-30,,52
212,Employee_212,47,Male,IT,76000,2015-07-31,2,
213,Employee_213,23,Male,IT,28500,2015-08-01,2,32
214,Employee_214,22,Female,Sales,70000,2015-08-02,,37
215,Employee_215,33,Male,Marketing,68000,2015-08-03,3,47
216,Employee_216,26,Female,Marketing,66500,2015-08-04,4,39
217,Employee_217,58,Male,IT,65500,2015-08-05,3,54
218,Employee_218,53,Male,Finance,97500,2015-08-06,5,49
219,Employee_219,30,Male,Marketing,58500,2015-08-07,,46
220,Employee_220,56,Female,Sales,88000,2015-08-08,3,37
221,Employee_221,40,Male,Marketing,65500,2015-08-09,2,52
222,Employee_222,37,Female,Sales,98000,2015-08-10,,40
223,Employee_223,24,Female,IT,66500,2015-08-11,1,58
224,Employee_224,41,Male,Marketing,81000,2015-08-12,3,
225,Employee_225,45,Male,Sales,62500,2015-08-13,,34
226,Employee_226,54,Male,IT,85500,2015-08-14,3,55
227,Employee_227,45,Female,Finance,96000,2015-08-15,,42
228,Employee_228,32,Male,Sales,45000,2015-08-16,2,50
229,Employee_229,29,Female,Finance,25500,2015-08-17,1,52
230,Employee_230,57,Female,Finance,39000,2015-08-18,1,34
231,Employee_231,59,Male,HR,77000,2015-08-19,5,53
232,Employee_232,41,Male,Marketing,50000,2015-08-20,,56
233,Employee_233,56,Female,Sales,62000,2015-08-21,3,42
234,Employee_234,46,Female,Finance,29500,2015-08-22,1,35
235,Employee_235,56,Female,HR,95500,2015-08-23,1,58
236,Employee_236,46,Male,IT,50000,2015-08-24,4,34
237,Employee_237,50,Female,Sales,83500,2015-08-25,4,38
238,Employee_238,39,Male,Finance,85000,2015-08-26,1,56
239,Employee_239,39,Female,Marketing,44000,2015-08-27,,45
240,Employee_240,23,Female,HR,38500,2015-08-28,5,31
241,Employee_241,56,Male,Finance,26000,2015-08-29,1,30
242,Employee_242,37,Female,Marketing,66500,2015-08-30,2,37
243,Employee_243,57,Male,Finance,83000,2015-08-31,3,57
244,Employee_244,54,Male,Sales,25500,2015-09-01,5,48
245,Employee_245,25,Female,Sales,71000,2015-09-02,2,59
246,Employee_246,54,Male,Sales,90000,2015-09-03,5,40
247,Employee_247,35,Male,HR,96500,2015-09-04,2,57
248,Employee_248,42,Female,Sales,71500,2015-09-05,3,41
249,Employee_249,41,Male,Marketing,44500,2015-09-06,3,41
250,Employee_250,29,Male,Finance,25500,2015-09-07,4,36
251,Employee_251,28,Male,IT,65000,2015-09-08,,55
252,Employee_252,24,Female,Marketing,30500,2015-09-09,2,42
253,Employee_253,38,Male,Marketing,57000,2015-09-10,4,56
254,Employee_254,54,Female,Sales,52000,2015-09-11,2,37
255,Employee_255,33,Female,HR,47000,2015-09-12,4,60
256,Employee_256,43,Male,Finance,75000,2015-09-13,3,
257,Employee_257,43,Male,HR,55500,2015-09-14,5,58
258,Employee_258,51,Male,Finance,49000,2015-09-15,4,58
259,Employee_259,59,Female,Finance,88000,2015-09-16,2,51
260,Employee_260,59,Male,HR,36000,2015-09-17,2,57
261,Employee_261,29,Male,Marketing,,2015-09-18,,55
262,Employee_262,48,Male,Finance,43500,2015-09-19,3,59
263,Employee_263,48,Male,HR,38500,2015-09-20,2,38
264,Employee_264,55,Male,Finance,35000,2015-09-21,1,36
265,Employee_265,42,Female,IT,78000,2015-09-22,5,60
266,Employee_266,51,Female,Marketing,97500,2015-09-23,4,55
267,Employee_267,54,Male,Sales,74000,2015-09-24,,50
268,Employee_268,49,Male,Finance,84000,2015-09-25,5,53
269,Employee_269,54,Male,IT,61000,2015-09-26,3,44
270,Employee_270,26,Male,Sales,85500,2015-09-27,,31
271,Employee_271,40,Female,Sales,39500,2015-09-28,4,52
272,Employee_272,25,Male,Finance,78500,2015-09-29,4,60
273,Employee_273,56,Female,HR,73500,2015-09-30,1,49
274,Employee_274,38,Female,Finance,40500,2015-10-01,3,54
275,Employee_275,49,Male,IT,64000,2015-10-02,,41
276,Employee_276,51,Female,Sales,45000,2015-10-03,,30
277,Employee_277,50,Female,Finance,56000,2015-10-04,2,52
278,Employee_278,27,Female,HR,36000,2015-10-05,1,51
279,Employee_279,56,Female,Finance,76500,2015-10-06,1,37
280,Employee_280,58,Male,Marketing,62000,2015-10-07,,34
281,Employee_281,45,Male,HR,48500,2015-10-08,,44
282,Employee_282,50,Female,IT,53000,2015-10-09,5,30
283,Employee_283,52,Male,Sales,83500,2015-10-10,5,30
284,Employee_284,56,Male,Finance,74500,2015-10-11,5,54
285,Employee_285,54,Male,HR,86500,2015-10-12,1,60
286,Employee_286,42,Male,Marketing,,2015-10-13,2,39
287,Employee_287,53,Male,HR,41500,2015-10-14,4,51
288,Employee_288,44,Female,Marketing,28000,2015-10-15,5,39
289,Employee_289,54,Male,IT,52500,2015-10-16,2,50
290,Employee_290,24,Male,Sales,57000,2015-10-17,3,44
291,Employee_291,39,Male,IT,48000,2015-10-18,5,46
292,Employee_292,46,Male,Finance,98500,2015-10-19,4,51
293,Employee_293,52,Female,HR,34000,2015-10-20,3,35
294,Employee_294,24,Female,Marketing,97500,2015-10-21,3,32
295,Employee_295,45,Female,Marketing,87500,2015-10-22,4,42
296,Employee_296,53,Female,HR,94000,2015-10-23,5,45
297,Employee_297,43,Male,HR,49000,2015-10-24,1,37
298,Employee_298,44,Female,Finance,81000,2015-10-25,4,59
299,Employee_299,23,Male,IT,43500,2015-10-26,4,44
300,Employee_300,48,Male,Marketing,56500,2015-10-27,4,46
301,Employee_301,23,Male,Finance,59000,2015-10-28,3,46
302,Employee_302,47,Male,IT,92500,2015-10-29,2,51
303,Employee_303,38,Male,Finance,82500,2015-10-30,1,55
304,Employee_304,54,Female,Marketing,57000,2015-10-31,5,42
305,Employee_305,30,Female,HR,40000,2015-11-01,5,46
306,Employee_306,50,Female,HR,90500,2015-11-02,2,35
307,Employee_307,47,Female,IT,81000,2015-11-03,4,46
308,Employee_308,56,Male,Sales,79000,2015-11-04,1,45
309,Employee_309,46,Female,IT,59000,2015-11-05,5,43
310,Employee_310,45,Male,Sales,84500,2015-11-06,,42
311,Employee_311,34,Female,Finance,68500,2015-11-07,5,35
312,Employee_312,28,Male,Finance,58000,2015-11-08,4,32
313,Employee_313,57,Male,Marketing,62000,2015-11-09,,43
314,Employee_314,41,Female,Sales,47000,2015-11-10,2,43
315,Employee_315,22,Male,Marketing,26500,2015-11-11,1,44
316,Employee_316,29,Male,HR,78000,2015-11-12,2,37
317,Employee_317,37,Female,Sales,50000,2015-11-13,2,58
318,Employee_318,35,Male,IT,49500,2015-11-14,1,44
319,Employee_319,33,Female,HR,27500,2015-11-15,1,51
320,Employee_320,44,Female,HR,54000,2015-11-16,5,58
321,Employee_321,36,Female,IT,87000,2015-11-17,5,56
322,Employee_322,49,Male,HR,96000,2015-11-18,1,42
323,Employee_323,55,Male,Sales,39500,2015-11-19,,46
324,Employee_324,23,Male,Marketing,85500,2015-11-20,3,60
325,Employee_325,53,Female,HR,87000,2015-11-21,5,50
326,Employee_326,44,Male,Sales,43000,2015-11-22,3,53
327,Employee_327,43,Female,Finance,86500,2015-11-23,,32
328,Employee_328,46,Female,Sales,75000,2015-11-24,1,57
329,Employee_329,43,Male,Marketing,42000,2015-11-25,,35
330,Employee_330,43,Female,Sales,68000,2015-11-26,5,34
331,Employee_331,27,Male,IT,91500,2015-11-27,2,51
332,Employee_332,36,Male,Marketing,33500,2015-11-28,1,55
333,Employee_333,58,Male,Finance,81000,2015-11-29,4,46
334,Employee_334,54,Male,IT,39000,2015-11-30,3,52
335,Employee_335,29,Male,Sales,63000,2015-12-01,,54
336,Employee_336,26,Female,Marketing,54000,2015-12-02,1,31
337,Employee_337,25,Female,Finance,87500,2015-12-03,,55
338,Employee_338,27,Female,IT,97000,2015-12-04,1,44
339,Employee_339,53,Male,Finance,79000,2015-12-05,5,34
340,Employee_340,51,Male,Sales,35500,2015-12-06,5,55
341,Employee_341,56,Male,Finance,58500,2015-12-07,5,49
342,Employee_342,37,Female,HR,59000,2015-12-08,,35
343,Employee_343,34,Male,IT,49000,2015-12-09,4,35
344,Employee_344,51,Female,Finance,95000,2015-12-10,5,56
345,Employee_345,40,Female,Sales,79000,2015-12-11,1,
346,Employee_346,38,Male,Sales,67500,2015-12-12,5,47
347,Employee_347,40,Male,Finance,51000,2015-12-13,2,47
348,Employee_348,49,Female,Sales,86000,2015-12-14,5,33
349,Employee_349,47,Male,Marketing,68000,2015-12-15,,46
350,Employee_350,58,Female,Marketing,90000,2015-12-16,4,54
351,Employee_351,47,Male,Marketing,45500,2015-12-17,2,43
352,Employee_352,44,Male,HR,73500,2015-12-18,,43
353,Employee_353,30,Female,Finance,79000,2015-12-19,,42
354,Employee_354,33,Male,HR,50000,2015-12-20,,36
355,Employee_355,22,Female,Sales,67000,2015-12-21,1,
356,Employee_356,22,Male,HR,88000,2015-12-22,,41
357,Employee_357,55,Female,Sales,35000,2015-12-23,1,52
358,Employee_358,53,Female,Sales,46500,2015-12-24,,44
359,Employee_359,46,Male,IT,94000,2015-12-25,3,48
360,Employee_360,22,Female,Marketing,76000,2015-12-26,2,60
361,Employee_361,37,Male,Sales,58500,2015-12-27,3,40
362,Employee_362,26,Male,IT,89000,2015-12-28,,44
363,Employee_363,43,Male,Marketing,70500,2015-12-29,2,41
364,Employee_364,50,Female,Sales,36500,2015-12-30,2,32
365,Employee_365,24,Female,Sales,87000,2015-12-31,4,46
366,Employee_366,33,Male,HR,95000,2016-01-01,3,32
367,Employee_367,47,Male,HR,80000,2016-01-02,4,48
368,Employee_368,37,Female,Marketing,73500,2016-01-03,2,49
369,Employee_369,58,Male,Sales,94000,2016-01-04,1,33
370,Employee_370,43,Male,Finance,33000,2016-01-05,2,32
371,Employee_371,50,Female,HR,74000,2016-01-06,4,
372,Employee_372,35,Male,Marketing,65500,2016-01-07,3,55
373,Employee_373,49,Female,Sales,76500,2016-01-08,,45
374,Employee_374,26,Male,Sales,,2016-01-09,,41
375,Employee_375,51,Female,Finance,34000,2016-01-10,3,37
376,Employee_376,26,Male,Marketing,67000,2016-01-11,,53
377,Employee_377,33,Male,Sales,28500,2016-01-12,,58
378,Employee_378,37,Female,HR,38500,2016-01-13,4,58
379,Employee_379,47,Male,Finance,27000,2016-01-14,3,46
380,Employee_380,47,Female,Marketing,97000,2016-01-15,5,36
381,Employee_381,42,Male,Finance,75000,2016-01-16,1,40
382,Employee_382,57,Female,HR,83500,2016-01-17,1,47
383,Employee_383,54,Female,Marketing,98000,2016-01-18,,30
384,Employee_384,51,Female,Finance,56500,2016-01-19,1,32
385,Employee_385,58,Female,IT,70000,2016-01-20,3,
386,Employee_386,44,Male,HR,83000,2016-01-21,3,33
387,Employee_387,31,Male,HR,73500,2016-01-22,2,42
388,Employee_388,26,Female,HR,30000,2016-01-23,2,35
389,Employee_389,57,Female,IT,51500,2016-01-24,1,55
390,Employee_390,55,Female,IT,48000,2016-01-25,5,
391,Employee_391,52,Male,Sales,94500,2016-01-26,2,43
392,Employee_392,31,Male,Finance,99000,2016-01-27,2,34
393,Employee_393,40,Male,Sales,94000,2016-01-28,3,45
394,Employee_394,53,Male,Finance,27000,2016-01-29,5,44
395,Employee_395,22,Female,IT,34500,2016-01-30,,44
396,Employee_396,26,Female,IT,47500,2016-01-31,1,59
397,Employee_397,25,Female,Sales,30500,2016-02-01,2,33
398,Employee_398,37,Male,Marketing,59500,2016-02-02,5,37
399,Employee_399,45,Male,Sales,33000,2016-02-03,5,56
400,Employee_400,37,Male,Finance,82000,2016-02-04,1,45
401,Employee_401,23,Female,Sales,98000,2016-02-05,5,57
402,Employee_402,49,Female,HR,48500,2016-02-06,5,45
403,Employee_403,53,Male,Finance,78500,2016-02-07,5,59
404,Employee_404,48,Female,Finance,50500,2016-02-08,2,33
405,Employee_405,41,Male,Marketing,72500,2016-02-09,1,42
406,Employee_406,45,Male,IT,59500,2016-02-10,5,55
407,Employee_407,33,Female,Finance,75500,2016-02-11,5,57
408,Employee_408,56,Male,IT,62000,2016-02-12,2,
409,Employee_409,54,Female,Sales,100000,2016-02-13,1,42
410,Employee_410,54,Male,HR,96000,2016-02-14,3,31
411,Employee_411,58,Female,Marketing,65500,2016-02-15,2,60
412,Employee_412,33,Female,IT,70500,2016-02-16,1,32
413,Employee_413,24,Female,Finance,26500,2016-02-17,5,51
414,Employee_414,22,Male,IT,92000,2016-02-18,1,37
415,Employee_415,54,Male,Finance,79000,2016-02-19,1,53
416,Employee_416,31,Female,IT,48500,2016-02-20,,44
417,Employee_417,50,Female,Finance,61000,2016-02-21,1,40
418,Employee_418,34,Male,Sales,60500,2016-02-22,3,60
419,Employee_419,33,Male,Finance,82500,2016-02-23,1,38
420,Employee_420,52,Male,Finance,65000,2016-02-24,3,36
421,Employee_421,23,Female,HR,65000,2016-02-25,5,42
422,Employee_422,56,Male,Finance,81000,2016-02-26,3,31
423,Employee_423,44,Male,HR,72500,2016-02-27,5,37
424,Employee_424,38,Female,Marketing,60500,2016-02-28,5,36
425,Employee_425,47,Male,HR,98000,2016-02-29,3,53
426,Employee_426,29,Male,Sales,56000,2016-03-01,2,41
427,Employee_427,50,Male,HR,43500,2016-03-02,4,48
428,Employee_428,47,Female,Marketing,58000,2016-03-03,1,36
429,Employee_429,31,Female,Sales,59000,2016-03-04,,39
430,Employee_430,47,Female,IT,31000,2016-03-05,4,58
431,Employee_431,55,Female,IT,40000,2016-03-06,1,54
432,Employee_432,28,Female,HR,81500,2016-03-07,1,45
433,Employee_433,25,Female,HR,35500,2016-03-08,5,32
434,Employee_434,32,Female,Marketing,71000,2016-03-09,1,59
435,Employee_435,50,Male,Marketing,58000,2016-03-10,,39
436,Employee_436,57,Male,Finance,51500,2016-03-11,1,35
437,Employee_437,46,Female,Marketing,93500,2016-03-12,3,47
438,Employee_438,42,Male,Finance,45500,2016-03-13,4,47
439,Employee_439,57,Male,Sales,56500,2016-03-14,3,34
440,Employee_440,31,Female,HR,87500,2016-03-15,,50
441,Employee_441,58,Male,Sales,35000,2016-03-16,1,58
442,Employee_442,30,Male,Marketing,,2016-03-17,,36
443,Employee_443,45,Male,Sales,42000,2016-03-18,5,57
444,Employee_444,56,Male,Sales,39500,2016-03-19,3,31
445,Employee_445,56,Male,Sales,53000,2016-03-20,3,40
446,Employee_446,57,Female,Marketing,48000,2016-03-21,2,59
447,Employee_447,39,Female,Sales,34000,2016-03-22,1,42
448,Employee_448,53,Female,Finance,81500,2016-03-23,5,52
449,Employee_449,45,Male,Marketing,28500,2016-03-24,3,34
450,Employee_450,44,Female,Sales,37500,2016-03-25,3,59
451,Employee_451,53,Male,Marketing,81000,2016-03-26,5,35
452,Employee_452,58,Male,IT,60000,2016-03-27,,53
453,Employee_453,33,Male,Finance,39500,2016-03-28,,55
454,Employee_454,34,Male,Sales,92000,2016-03-29,1,58
455,Employee_455,44,Female,IT,58000,2016-03-30,2,43
456,Employee_456,46,Female,IT,57000,2016-03-31,3,41
457,Employee_457,56,Male,Marketing,42500,2016-04-01,2,33
458,Employee_458,51,Female,IT,37000,2016-04-02,,58
459,Employee_459,38,Male,Finance,43000,2016-04-03,,52
460,Employee_460,41,Female,Finance,25000,2016-04-04,4,35
461,Employee_461,46,Female,HR,96000,2016-04-05,1,
462,Employee_462,43,Male,Finance,43000,2016-04-06,4,39
463,Employee_463,34,Female,IT,95000,2016-04-07,4,47
464,Employee_464,40,Male,Finance,92500,2016-04-08,4,44
465,Employee_465,57,Female,Marketing,91000,2016-04-09,1,37
466,Employee_466,33,Male,HR,88500,2016-04-10,1,55
467,Employee_467,40,Male,IT,88000,2016-04-11,5,
468,Employee_468,33,Female,HR,25000,2016-04-12,2,38
469,Employee_469,30,Female,IT,42000,2016-04-13,2,34
470,Employee_470,28,Male,Marketing,76500,2016-04-14,5,39
471,Employee_471,49,Female,HR,36000,2016-04-15,5,49
472,Employee_472,35,Female,Sales,29000,2016-04-16,,35
473,Employee_473,52,Male,IT,41500,2016-04-17,4,45
474,Employee_474,40,Male,Sales,88500,2016-04-18,5,53
475,Employee_475,37,Female,HR,26500,2016-04-19,3,56
476,Employee_476,26,Male,Sales,75500,2016-04-20,2,60
477,Employee_477,56,Male,Sales,62000,2016-04-21,5,32
478,Employee_478,33,Male,HR,74000,2016-04-22,3,39
479,Employee_479,46,Female,Marketing,60500,2016-04-23,3,40
480,Employee_480,42,Female,Sales,26000,2016-04-24,3,40
481,Employee_481,57,Male,Sales,95500,2016-04-25,,46
482,Employee_482,44,Female,Marketing,41500,2016-04-26,,
483,Employee_483,37,Male,Sales,47000,2016-04-27,3,33
484,Employee_484,35,Female,Sales,55000,2016-04-28,,60
485,Employee_485,52,Male,Sales,66000,2016-04-29,4,33
486,Employee_486,26,Male,Finance,86000,2016-04-30,3,46
487,Employee_487,56,Female,Marketing,75500,2016-05-01,4,38
488,Employee_488,44,Male,Sales,32500,2016-05-02,4,48
489,Employee_489,50,Female,Marketing,57500,2016-05-03,3,34
490,Employee_490,32,Female,IT,97000,2016-05-04,2,
491,Employee_491,39,Male,IT,84000,2016-05-05,3,51
492,Employee_492,33,Male,Sales,86500,2016-05-06,3,53
493,Employee_493,30,Female,Marketing,96500,2016-05-07,,35
494,Employee_494,31,Male,Marketing,75500,2016-05-08,3,32
495,Employee_495,38,Male,Marketing,57500,2016-05-09,2,51
496,Employee_496,59,Male,Finance,31000,2016-05-10,,30
497,Employee_497,28,Male,IT,80000,2016-05-11,1,49
498,Employee_498,34,Male,Marketing,41500,2016-05-12,1,51
499,Employee_499,30,Female,Marketing,44000,2016-05-13,4,45
500,Employee_500,48,Female,Finance,92500,2016-05-14,4,52
501,Employee_501,23,Male,Finance,84500,2016-05-15,2,40
502,Employee_502,26,Male,Marketing,87500,2016-05-16,5,42
503,Employee_503,50,Male,HR,52000,2016-05-17,1,56
504,Employee_504,58,Female,Marketing,38000,2016-05-18,4,39
505,Employee_505,59,Male,Marketing,83500,2016-05-19,1,32
506,Employee_506,40,Female,Finance,51000,2016-05-20,2,38
507,Employee_507,29,Female,Finance,44000,2016-05-21,2,57
508,Employee_508,22,Female,Marketing,57000,2016-05-22,5,41
509,Employee_509,43,Male,Marketing,97000,2016-05-23,5,52
510,Employee_510,38,Female,Marketing,31000,2016-05-24,,43
511,Employee_511,28,Male,Finance,35000,2016-05-25,2,30
512,Employee_512,46,Female,Marketing,98000,2016-05-26,4,47
513,Employee_513,25,Male,Marketing,51000,2016-05-27,1,46
514,Employee_514,57,Female,Sales,34000,2016-05-28,3,56
515,Employee_515,27,Male,HR,53000,2016-05-29,5,38
516,Employee_516,52,Female,IT,37000,2016-05-30,3,38
517,Employee_517,40,Male,HR,40000,2016-05-31,4,52
518,Employee_518,48,Male,Sales,65000,2016-06-01,5,39
519,Employee_519,31,Male,IT,36000,2016-06-02,3,48
520,Employee_520,47,Male,Marketing,40500,2016-06-03,4,58
521,Employee_521,40,Female,Sales,61500,2016-06-04,1,44
522,Employee_522,24,Female,Marketing,29500,2016-06-05,4,34
523,Employee_523,34,Male,Finance,51500,2016-06-06,,44
524,Employee_524,49,Female,Sales,50500,2016-06-07,5,49
525,Employee_525,41,Male,Finance,98500,2016-06-08,2,
526,Employee_526,49,Male,Sales,81500,2016-06-09,1,52
527,Employee_527,29,Female,Sales,31500,2016-06-10,3,59
528,Employee_528,22,Male,Finance,79500,2016-06-11,5,54
529,Employee_529,24,Male,IT,51000,2016-06-12,2,57
530,Employee_530,34,Female,HR,,2016-06-13,4,31
531,Employee_531,49,Male,Marketing,64000,2016-06-14,2,42
532,Employee_532,46,Male,Sales,35500,2016-06-15,5,53
533,Employee_533,54,Male,Marketing,39500,2016-06-16,5,45
534,Employee_534,59,Male,Finance,26500,2016-06-17,,44
535,Employee_535,27,Female,Marketing,54000,2016-06-18,,54
536,Employee_536,53,Female,Finance,28500,2016-06-19,2,39
537,Employee_537,42,Female,Marketing,30500,2016-06-20,4,43
538,Employee_538,37,Male,HR,84000,2016-06-21,2,39
539,Employee_539,42,Male,HR,41500,2016-06-22,5,54
540,Employee_540,32,Female,HR,65500,2016-06-23,5,43
541,Employee_541,58,Male,HR,73500,2016-06-24,3,55
542,Employee_542,57,Male,HR,88000,2016-06-25,,59
543,Employee_543,56,Male,HR,62000,2016-06-26,3,52
544,Employee_544,40,Male,Finance,77000,2016-06-27,1,60
545,Employee_545,41,Female,Sales,49000,2016-06-28,5,38
546,Employee_546,39,Female,Marketing,64000,2016-06-29,3,54
547,Employee_547,35,Female,HR,71000,2016-06-30,2,43
548,Employee_548,36,Male,Finance,33500,2016-07-01,,32
549,Employee_549,52,Female,Finance,72500,2016-07-02,,49
550,Employee_550,22,Female,Finance,43500,2016-07-03,4,45
551,Employee_551,24,Male,Sales,68000,2016-07-04,2,31
552,Employee_552,37,Male,Marketing,68500,2016-07-05,4,39
553,Employee_553,44,Female,Sales,49500,2016-07-06,3,32
554,Employee_554,32,Female,IT,28500,2016-07-07,1,40
555,Employee_555,33,Female,Finance,91500,2016-07-08,2,40
556,Employee_556,31,Female,IT,59000,2016-07-09,2,50
557,Employee_557,53,Male,HR,85000,2016-07-10,2,50
558,Employee_558,37,Female,HR,56500,2016-07-11,4,51
559,Employee_559,29,Female,Sales,94000,2016-07-12,3,42
560,Employee_560,59,Male,Marketing,85000,2016-07-13,2,36
561,Employee_561,33,Female,IT,57000,2016-07-14,2,52
562,Employee_562,45,Male,Marketing,78000,2016-07-15,,46
563,Employee_563,49,Male,Sales,98000,2016-07-16,1,
564,Employee_564,29,Male,HR,93000,2016-07-17,,59
565,Employee_565,49,Female,Marketing,74500,2016-07-18,,
566,Employee_566,57,Female,Marketing,65500,2016-07-19,1,31
567,Employee_567,47,Male,HR,96000,2016-07-20,3,41
568,Employee_568,29,Female,IT,50000,2016-07-21,,54
569,Employee_569,49,Female,HR,95000,2016-07-22,3,39
570,Employee_570,49,Male,Marketing,66000,2016-07-23,,47
571,Employee_571,58,Male,IT,80500,2016-07-24,5,51
572,Employee_572,57,Female,IT,52500,2016-07-25,1,56
573,Employee_573,48,Male,HR,97000,2016-07-26,,40
574,Employee_574,38,Female,Marketing,54500,2016-07-27,5,45
575,Employee_575,30,Female,Sales,84500,2016-07-28,4,46
576,Employee_576,54,Female,Marketing,93500,2016-07-29,5,48
577,Employee_577,41,Female,Finance,36000,2016-07-30,2,47
578,Employee_578,34,Male,Sales,99000,2016-07-31,,32
579,Employee_579,49,Male,IT,31000,2016-08-01,5,50
580,Employee_580,50,Male,Sales,75000,2016-08-02,3,56
581,Employee_581,34,Male,IT,36500,2016-08-03,4,55
582,Employee_582,56,Female,IT,78500,2016-08-04,,45
583,Employee_583,27,Female,Sales,30000,2016-08-05,2,35
584,Employee_584,39,Male,IT,33000,2016-08-06,5,54
585,Employee_585,26,Female,IT,37000,2016-08-07,4,41
586,Employee_586,46,Female,Finance,71500,2016-08-08,,40
587,Employee_587,23,Female,Marketing,35000,2016-08-09,4,44
588,Employee_588,31,Male,Marketing,66500,2016-08-10,2,44
589,Employee_589,51,Male,Finance,94500,2016-08-11,5,45
590,Employee_590,26,Male,Sales,43000,2016-08-12,4,39
591,Employee_591,54,Female,HR,45500,2016-08-13,4,41
592,Employee_592,22,Male,HR,97000,2016-08-14,1,57
593,Employee_593,39,Male,HR,75000,2016-08-15,4,42
594,Employee_594,53,Male,Finance,48500,2016-08-16,1,33
595,Employee_595,32,Male,Finance,76000,2016-08-17,5,36
596,Employee_596,42,Male,IT,38500,2016-08-18,,51
597,Employee_597,47,Male,HR,45000,2016-08-19,,31
598,Employee_598,46,Female,Sales,74000,2016-08-20,5,55
599,Employee_599,43,Female,Sales,48000,2016-08-21,5,56
600,Employee_600,48,Male,HR,97500,2016-08-22,3,56
601,Employee_601,34,Male,HR,77000,2016-08-23,5,56
602,Employee_602,54,Female,HR,86500,2016-08-24,4,44
603,Employee_603,55,Female,Finance,31000,2016-08-25,,60
604,Employee_604,56,Male,Finance,95000,2016-08-26,2,37
605,Employee_605,22,Male,Finance,74500,2016-08-27,,36
606,Employee_606,42,Male,Marketing,40000,2016-08-28,1,60
607,Employee_607,27,Male,Sales,89500,2016-08-29,,44
608,Employee_608,49,Female,Sales,32500,2016-08-30,3,52
609,Employee_609,38,Male,IT,93000,2016-08-31,5,43
610,Employee_610,26,Male,Finance,61000,2016-09-01,5,60
611,Employee_611,52,Male,Marketing,51500,2016-09-02,,37
612,Employee_612,26,Male,Marketing,74500,2016-09-03,2,57
613,Employee_613,59,Female,Sales,79000,2016-09-04,2,41
614,Employee_614,24,Female,Finance,68000,2016-09-05,3,42
615,Employee_615,44,Female,IT,93000,2016-09-06,1,59
616,Employee_616,58,Male,Finance,28500,2016-09-07,,40
617,Employee_617,58,Male,HR,28000,2016-09-08,5,46
618,Employee_618,31,Female,Finance,42500,2016-09-09,,60
619,Employee_619,31,Male,HR,33500,2016-09-10,3,58
620,Employee_620,40,Male,HR,26000,2016-09-11,4,46
621,Employee_621,38,Female,IT,38500,2016-09-12,4,53
622,Employee_622,42,Female,Sales,59500,2016-09-13,3,33
623,Employee_623,35,Female,Finance,99000,2016-09-14,5,50
624,Employee_624,30,Female,HR,38500,2016-09-15,3,37
625,Employee_625,22,Male,Finance,51500,2016-09-16,5,34
626,Employee_626,34,Male,Sales,57000,2016-09-17,2,55
627,Employee_627,25,Female,Sales,74500,2016-09-18,3,45
628,Employee_628,22,Male,Marketing,35000,2016-09-19,5,33
629,Employee_629,53,Female,Sales,31000,2016-09-20,3,57
630,Employee_630,55,Female,IT,53000,2016-09-21,3,51
631,Employee_631,49,Male,HR,49000,2016-09-22,5,58
632,Employee_632,52,Female,Marketing,83500,2016-09-23,5,44
633,Employee_633,29,Male,IT,51500,2016-09-24,1,41
634,Employee_634,47,Male,Finance,93500,2016-09-25,3,34
635,Employee_635,55,Male,HR,51000,2016-09-26,4,59
636,Employee_636,24,Male,Sales,46500,2016-09-27,3,52
637,Employee_637,33,Female,HR,48000,2016-09-28,3,45
638,Employee_638,22,Male,Finance,51000,2016-09-29,5,43
639,Employee_639,26,Female,Marketing,61500,2016-09-30,3,39
640,Employee_640,51,Female,Marketing,47500,2016-10-01,,36
641,Employee_641,51,Female,Marketing,31000,2016-10-02,3,42
642,Employee_642,38,Female,Sales,75500,2016-10-03,,49
643,Employee_643,44,Male,IT,36500,2016-10-04,4,57
644,Employee_644,36,Male,IT,25500,2016-10-05,5,58
645,Employee_645,58,Female,HR,65000,2016-10-06,3,34
646,Employee_646,42,Female,Sales,74500,2016-10-07,,58
647,Employee_647,35,Male,Marketing,95500,2016-10-08,,32
648,Employee_648,23,Female,Marketing,93500,2016-10-09,,44
649,Employee_649,32,Male,Finance,90000,2016-10-10,2,33
650,Employee_650,59,Female,Finance,80000,2016-10-11,1,44
651,Employee_651,55,Male,Marketing,75500,2016-10-12,4,43
652,Employee_652,59,Female,Marketing,33000,2016-10-13,3,49
653,Employee_653,55,Female,Sales,30500,2016-10-14,2,48
654,Employee_654,39,Male,IT,82500,2016-10-15,3,42
655,Employee_655,51,Female,Finance,36500,2016-10-16,3,39
656,Employee_656,36,Female,IT,39000,2016-10-17,5,50
657,Employee_657,48,Male,Sales,85500,2016-10-18,5,
658,Employee_658,55,Female,Marketing,69500,2016-10-19,5,34
659,Employee_659,59,Male,IT,57000,2016-10-20,2,56
660,Employee_660,54,Male,Marketing,66500,2016-10-21,3,52
661,Employee_661,45,Female,Marketing,84000,2016-10-22,1,49
662,Employee_662,36,Female,HR,32500,2016-10-23,4,58
663,Employee_663,51,Female,IT,76500,2016-10-24,5,49
664,Employee_664,38,Female,IT,70500,2016-10-25,5,54
665,Employee_665,26,Female,Marketing,38000,2016-10-26,3,35
666,Employee_666,50,Female,Sales,91500,2016-10-27,3,60
667,Employee_667,25,Female,HR,92000,2016-10-28,2,33
668,Employee_668,31,Male,Marketing,41000,2016-10-29,2,31
669,Employee_669,38,Female,Finance,52000,2016-10-30,5,51
670,Employee_670,31,Male,Finance,28000,2016-10-31,3,
671,Employee_671,38,Female,HR,53000,2016-11-01,1,45
672,Employee_672,41,Female,Sales,87500,2016-11-02,4,47
673,Employee_673,45,Male,Marketing,30500,2016-11-03,3,34
674,Employee_674,26,Female,IT,32500,2016-11-04,3,51
675,Employee_675,55,Female,HR,46000,2016-11-05,,33
676,Employee_676,27,Male,Sales,83000,2016-11-06,2,59
677,Employee_677,23,Female,IT,92000,2016-11-07,4,42
678,Employee_678,34,Female,Finance,80000,2016-11-08,5,48
679,Employee_679,32,Female,Finance,50000,2016-11-09,3,52
680,Employee_680,44,Male,IT,62000,2016-11-10,5,31
681,Employee_681,37,Female,HR,28500,2016-11-11,3,42
682,Employee_682,52,Female,Finance,47000,2016-11-12,5,40
683,Employee_683,32,Female,Marketing,54000,2016-11-13,4,59
684,Employee_684,37,Female,IT,90500,2016-11-14,2,51
685,Employee_685,29,Male,IT,76500,2016-11-15,4,58
686,Employee_686,25,Male,Finance,73500,2016-11-16,,33
687,Employee_687,25,Female,HR,64000,2016-11-17,1,51
688,Employee_688,46,Female,Marketing,86500,2016-11-18,2,49
689,Employee_689,24,Male,HR,26500,2016-11-19,4,49
690,Employee_690,53,Male,Sales,69500,2016-11-20,,44
691,Employee_691,24,Female,Sales,76500,2016-11-21,1,33
692,Employee_692,48,Male,Finance,93000,2016-11-22,,38
693,Employee_693,50,Female,Finance,84000,2016-11-23,3,36
694,Employee_694,53,Male,Finance,91000,2016-11-24,3,48
695,Employee_695,40,Male,Sales,52500,2016-11-25,5,48
696,Employee_696,42,Male,HR,72500,2016-11-26,2,35
697,Employee_697,26,Male,HR,62000,2016-11-27,3,35
698,Employee_698,39,Female,Finance,96000,2016-11-28,,49
699,Employee_699,49,Male,Marketing,40500,2016-11-29,2,44
700,Employee_700,43,Male,HR,38500,2016-11-30,3,44
701,Employee_701,42,Female,Sales,35500,2016-12-01,5,54
702,Employee_702,27,Male,IT,33000,2016-12-02,4,49
703,Employee_703,22,Male,IT,54000,2016-12-03,5,38
704,Employee_704,26,Female,IT,69500,2016-12-04,1,
705,Employee_705,33,Male,Marketing,77500,2016-12-05,3,33
706,Employee_706,47,Female,Finance,37500,2016-12-06,1,47
707,Employee_707,55,Female,Sales,37000,2016-12-07,1,47
708,Employee_708,35,Female,Marketing,93500,2016-12-08,,34
709,Employee_709,47,Female,Sales,47000,2016-12-09,2,49
710,Employee_710,48,Male,Sales,66000,2016-12-10,,52
711,Employee_711,30,Female,Finance,30000,2016-12-11,3,59
712,Employee_712,47,Male,IT,76500,2016-12-12,1,40
713,Employee_713,43,Male,Finance,58500,2016-12-13,4,34
714,Employee_714,51,Male,Marketing,72000,2016-12-14,1,51
715,Employee_715,38,Male,Marketing,57000,2016-12-15,4,55
716,Employee_716,47,Male,Marketing,49000,2016-12-16,,33
717,Employee_717,57,Male,Finance,50500,2016-12-17,,58
718,Employee_718,22,Male,Sales,75500,2016-12-18,2,41
719,Employee_719,29,Male,Sales,53000,2016-12-19,1,31
720,Employee_720,56,Male,HR,48000,2016-12-20,5,42
721,Employee_721,36,Male,Marketing,37500,2016-12-21,,39
722,Employee_722,43,Female,Sales,81500,2016-12-22,,38
723,Employee_723,35,Female,HR,27000,2016-12-23,2,39
724,Employee_724,47,Female,Sales,66500,2016-12-24,4,60
725,Employee_725,49,Male,Marketing,50500,2016-12-25,2,36
726,Employee_726,44,Female,IT,77000,2016-12-26,1,33
727,Employee_727,35,Female,Marketing,51500,2016-12-27,3,48
728,Employee_728,45,Female,Finance,32000,2016-12-28,3,39
729,Employee_729,23,Male,Sales,55000,2016-12-29,4,59
730,Employee_730,47,Male,Sales,85500,2016-12-30,,60
731,Employee_731,35,Male,Finance,35000,2016-12-31,4,
732,Employee_732,28,Male,Finance,47500,2017-01-01,,32
733,Employee_733,24,Female,IT,91500,2017-01-02,,54
734,Employee_734,44,Female,Sales,43500,2017-01-03,3,50
735,Employee_735,39,Female,Sales,55500,2017-01-04,4,58
736,Employee_736,59,Female,IT,67500,2017-01-05,2,60
737,Employee_737,56,Male,HR,63500,2017-01-06,,48
738,Employee_738,36,Male,IT,47500,2017-01-07,5,60
739,Employee_739,46,Male,Marketing,95000,2017-01-08,5,50
740,Employee_740,58,Female,Sales,26000,2017-01-09,2,
741,Employee_741,49,Male,Finance,27500,2017-01-10,5,31
742,Employee_742,31,Male,Marketing,71000,2017-01-11,1,56
743,Employee_743,38,Female,Sales,28500,2017-01-12,,49
744,Employee_744,43,Female,IT,78500,2017-01-13,2,39
745,Employee_745,47,Male,Marketing,62000,2017-01-14,4,31
746,Employee_746,46,Male,Sales,63000,2017-01-15,,31
747,Employee_747,38,Male,HR,49500,2017-01-16,2,57
748,Employee_748,34,Male,HR,30000,2017-01-17,3,53
749,Employee_749,41,Male,Finance,72000,2017-01-18,4,46
750,Employee_750,46,Male,Sales,59500,2017-01-19,3,
751,Employee_751,25,Female,HR,32500,2017-01-20,,45
752,Employee_752,31,Female,IT,58500,2017-01-21,4,45
753,Employee_753,24,Female,Sales,74000,2017-01-22,5,43
754,Employee_754,39,Male,IT,48500,2017-01-23,2,36
755,Employee_755,57,Female,IT,56500,2017-01-24,,50
756,Employee_756,43,Male,HR,69500,2017-01-25,1,60
757,Employee_757,55,Male,Sales,62500,2017-01-26,4,40
758,Employee_758,29,Female,Marketing,94000,2017-01-27,4,53
759,Employee_759,40,Male,HR,75000,2017-01-28,,30
760,Employee_760,58,Male,HR,69000,2017-01-29,,40
761,Employee_761,27,Female,Sales,33500,2017-01-30,3,52
762,Employee_762,47,Female,Sales,34000,2017-01-31,5,50
763,Employee_763,55,Female,IT,52000,2017-02-01,3,33
764,Employee_764,27,Male,Sales,75500,2017-02-02,3,36
765,Employee_765,58,Female,IT,83500,2017-02-03,5,55
766,Employee_766,54,Female,HR,91500,2017-02-04,1,44
767,Employee_767,43,Male,Finance,26500,2017-02-05,3,47
768,Employee_768,42,Female,Marketing,78500,2017-02-06,3,41
769,Employee_769,27,Female,HR,82000,2017-02-07,4,60
770,Employee_770,27,Female,Sales,39000,2017-02-08,5,46
771,Employee_771,25,Male,Marketing,54000,2017-02-09,2,30
772,Employee_772,51,Male,Finance,87000,2017-02-10,1,40
773,Employee_773,32,Male,Finance,73500,2017-02-11,1,57
774,Employee_774,51,Male,IT,33000,2017-02-12,5,
775,Employee_775,52,Female,Marketing,78000,2017-02-13,,30
776,Employee_776,45,Male,IT,46000,2017-02-14,,44
777,Employee_777,30,Male,HR,64500,2017-02-15,4,57
778,Employee_778,24,Female,Marketing,28500,2017-02-16,4,50
779,Employee_779,52,Female,HR,95000,2017-02-17,5,39
780,Employee_780,58,Female,IT,77500,2017-02-18,4,36
781,Employee_781,57,Male,Marketing,28500,2017-02-19,1,31
782,Employee_782,45,Male,IT,72500,2017-02-20,1,39
783,Employee_783,52,Male,Marketing,71500,2017-02-21,2,53
784,Employee_784,27,Female,IT,57000,2017-02-22,,33
785,Employee_785,23,Female,Finance,44000,2017-02-23,5,41
786,Employee_786,41,Male,IT,65000,2017-02-24,3,48
787,Employee_787,49,Female,Finance,66500,2017-02-25,,55
788,Employee_788,32,Female,IT,68500,2017-02-26,3,40
789,Employee_789,25,Female,Marketing,67500,2017-02-27,2,37
790,Employee_790,36,Male,Marketing,71000,2017-02-28,2,47
791,Employee_791,27,Female,Marketing,67500,2017-03-01,4,40
792,Employee_792,51,Female,Sales,46500,2017-03-02,2,40
793,Employee_793,59,Male,HR,93000,2017-03-03,2,42
794,Employee_794,23,Male,Marketing,61500,2017-03-04,3,32
795,Employee_795,36,Female,Finance,42500,2017-03-05,4,41
796,Employee_796,32,Female,Marketing,75000,2017-03-06,2,32
797,Employee_797,29,Male,Sales,76500,2017-03-07,,39
798,Employee_798,47,Male,Finance,57500,2017-03-08,2,56
799,Employee_799,26,Female,Sales,52000,2017-03-09,4,46
800,Employee_800,27,Female,Finance,70000,2017-03-10,5,51
801,Employee_801,47,Female,IT,35500,2017-03-11,4,31
802,Employee_802,25,Female,HR,75000,2017-03-12,3,46
803,Employee_803,40,Male,HR,85000,2017-03-13,5,45
804,Employee_804,41,Female,Sales,71000,2017-03-14,,31
805,Employee_805,54,Female,HR,78500,2017-03-15,1,57
806,Employee_806,41,Male,Sales,95000,2017-03-16,4,51
807,Employee_807,33,Female,Sales,29500,2017-03-17,3,59
808,Employee_808,22,Male,Sales,29000,2017-03-18,,49
809,Employee_809,47,Female,HR,41500,2017-03-19,5,35
810,Employee_810,35,Female,Sales,89000,2017-03-20,,57
811,Employee_811,59,Male,HR,69000,2017-03-21,4,54
812,Employee_812,58,Male,Sales,71000,2017-03-22,2,
813,Employee_813,32,Female,Marketing,60000,2017-03-23,4,58
814,Employee_814,57,Female,Sales,58000,2017-03-24,1,39
815,Employee_815,34,Female,Finance,98500,2017-03-25,4,57
816,Employee_816,24,Male,Sales,83000,2017-03-26,5,39
817,Employee_817,54,Female,IT,71500,2017-03-27,5,37
818,Employee_818,27,Male,Sales,74000,2017-03-28,4,30
819,Employee_819,31,Male,Finance,81000,2017-03-29,5,42
820,Employee_820,26,Female,Finance,76000,2017-03-30,2,53
821,Employee_821,44,Male,HR,70000,2017-03-31,,38
822,Employee_822,31,Female,Marketing,69500,2017-04-01,4,51
823,Employee_823,23,Female,Sales,33000,2017-04-02,2,39
824,Employee_824,34,Female,HR,33500,2017-04-03,,44
825,Employee_825,23,Female,Marketing,82500,2017-04-04,,34
826,Employee_826,41,Female,Sales,71000,2017-04-05,2,51
827,Employee_827,22,Male,IT,70000,2017-04-06,3,45
828,Employee_828,58,Male,Sales,65500,2017-04-07,4,42
829,Employee_829,30,Female,Finance,58500,2017-04-08,,51
830,Employee_830,38,Female,Finance,81500,2017-04-09,,54
831,Employee_831,30,Male,IT,25000,2017-04-10,5,49
832,Employee_832,32,Male,HR,53500,2017-04-11,,47
833,Employee_833,36,Male,Marketing,79000,2017-04-12,2,40
834,Employee_834,45,Male,Sales,98500,2017-04-13,,56
835,Employee_835,59,Female,Finance,82500,2017-04-14,3,38
836,Employee_836,56,Female,HR,68000,2017-04-15,4,45
837,Employee_837,51,Male,IT,29500,2017-04-16,4,31
838,Employee_838,52,Female,Finance,54000,2017-04-17,,
839,Employee_839,26,Male,IT,45000,2017-04-18,1,55
840,Employee_840,35,Female,Sales,77000,2017-04-19,1,54
841,Employee_841,32,Male,Marketing,91000,2017-04-20,2,31
842,Employee_842,30,Female,Finance,85500,2017-04-21,1,41
843,Employee_843,55,Male,Finance,97000,2017-04-22,2,37
844,Employee_844,33,Male,Sales,35500,2017-04-23,5,38
845,Employee_845,56,Female,HR,73500,2017-04-24,2,41
846,Employee_846,56,Male,Marketing,58500,2017-04-25,1,55
847,Employee_847,22,Female,Finance,94000,2017-04-26,,38
848,Employee_848,43,Female,Marketing,52500,2017-04-27,5,39
849,Employee_849,50,Male,Finance,99000,2017-04-28,1,
850,Employee_850,29,Female,Marketing,74000,2017-04-29,2,54
851,Employee_851,32,Female,IT,62500,2017-04-30,3,31
852,Employee_852,58,Female,Finance,37500,2017-05-01,4,45
853,Employee_853,35,Female,Marketing,82000,2017-05-02,1,49
854,Employee_854,51,Female,HR,98000,2017-05-03,2,36
855,Employee_855,56,Male,IT,79000,2017-05-04,5,57
856,Employee_856,42,Female,IT,48000,2017-05-05,1,31
857,Employee_857,58,Female,HR,60000,2017-05-06,1,30
858,Employee_858,26,Female,Marketing,44500,2017-05-07,4,48
859,Employee_859,40,Female,Sales,91000,2017-05-08,2,57
860,Employee_860,35,Female,HR,99000,2017-05-09,3,33
861,Employee_861,47,Male,Marketing,90500,2017-05-10,5,53
862,Employee_862,25,Female,HR,36000,2017-05-11,2,51
863,Employee_863,46,Male,HR,77500,2017-05-12,5,56
864,Employee_864,46,Male,Finance,66500,2017-05-13,1,31
865,Employee_865,39,Male,Marketing,96000,2017-05-14,4,60
866,Employee_866,29,Male,Sales,82500,2017-05-15,4,54
867,Employee_867,35,Female,Finance,79000,2017-05-16,,43
868,Employee_868,53,Male,HR,92500,2017-05-17,3,31
869,Employee_869,59,Male,HR,45000,2017-05-18,4,58
870,Employee_870,54,Female,HR,80500,2017-05-19,1,44
871,Employee_871,44,Female,Marketing,98000,2017-05-20,3,41
872,Employee_872,36,Female,Marketing,80500,2017-05-21,2,34
873,Employee_873,54,Male,Finance,76000,2017-05-22,4,57
874,Employee_874,46,Female,Sales,47500,2017-05-23,3,49
875,Employee_875,38,Female,Finance,58500,2017-05-24,1,58
876,Employee_876,54,Male,IT,85500,2017-05-25,,36
877,Employee_877,23,Female,HR,32000,2017-05-26,5,53
878,Employee_878,35,Female,HR,89000,2017-05-27,5,50
879,Employee_879,27,Female,HR,80000,2017-05-28,1,39
880,Employee_880,27,Female,Finance,36500,2017-05-29,1,43
881,Employee_881,24,Male,Finance,38000,2017-05-30,5,43
882,Employee_882,28,Female,HR,44500,2017-05-31,,34
883,Employee_883,29,Female,Finance,36500,2017-06-01,3,47
884,Employee_884,36,Male,Marketing,36500,2017-06-02,5,53
885,Employee_885,50,Female,Marketing,26500,2017-06-03,1,43
886,Employee_886,54,Male,Finance,58000,2017-06-04,4,31
887,Employee_887,51,Female,HR,41500,2017-06-05,2,
888,Employee_888,48,Male,Finance,82500,2017-06-06,,55
889,Employee_889,57,Male,Finance,36000,2017-06-07,,41
890,Employee_890,50,Male,Finance,79000,2017-06-08,4,51
891,Employee_891,59,Male,IT,59000,2017-06-09,4,53
892,Employee_892,54,Female,Marketing,72000,2017-06-10,1,35
893,Employee_893,58,Male,Sales,55500,2017-06-11,5,33
894,Employee_894,48,Female,Sales,53000,2017-06-12,3,42
895,Employee_895,54,Male,IT,51500,2017-06-13,,33
896,Employee_896,25,Male,Finance,59500,2017-06-14,,51
897,Employee_897,43,Male,IT,75000,2017-06-15,4,43
898,Employee_898,23,Female,IT,53000,2017-06-16,5,60
899,Employee_899,31,Male,HR,93500,2017-06-17,,45
900,Employee_900,26,Female,Marketing,92000,2017-06-18,3,58
901,Employee_901,31,Female,Sales,76000,2017-06-19,4,33
902,Employee_902,54,Female,Finance,67000,2017-06-20,3,53
903,Employee_903,59,Female,Sales,55000,2017-06-21,5,54
904,Employee_904,34,Female,Sales,26000,2017-06-22,,
905,Employee_905,52,Female,Marketing,88500,2017-06-23,2,30
906,Employee_906,57,Female,Sales,67500,2017-06-24,,42
907,Employee_907,45,Female,Sales,48000,2017-06-25,5,33
908,Employee_908,36,Female,IT,62500,2017-06-26,,49
909,Employee_909,50,Male,Marketing,43500,2017-06-27,,47
910,Employee_910,29,Male,HR,95000,2017-06-28,1,35
911,Employee_911,26,Male,Finance,68000,2017-06-29,,32
912,Employee_912,50,Male,Sales,53500,2017-06-30,,52
913,Employee_913,25,Male,Finance,49500,2017-07-01,3,
914,Employee_914,33,Female,HR,39500,2017-07-02,2,42
915,Employee_915,23,Female,Finance,75000,2017-07-03,3,56
916,Employee_916,48,Female,HR,37000,2017-07-04,3,45
917,Employee_917,52,Female,IT,80500,2017-07-05,4,56
918,Employee_918,57,Female,Sales,87500,2017-07-06,1,34
919,Employee_919,57,Female,HR,86000,2017-07-07,3,33
920,Employee_920,47,Female,Finance,48000,2017-07-08,5,50
921,Employee_921,48,Male,Sales,83500,2017-07-09,5,37
922,Employee_922,26,Male,IT,44000,2017-07-10,,48
923,Employee_923,41,Male,Sales,32500,2017-07-11,4,43
924,Employee_924,32,Male,HR,35500,2017-07-12,1,36
925,Employee_925,31,Female,IT,51500,2017-07-13,1,60
926,Employee_926,59,Female,Finance,99000,2017-07-14,,43
927,Employee_927,27,Female,IT,32500,2017-07-15,5,35
928,Employee_928,29,Male,IT,54000,2017-07-16,2,41
929,Employee_929,44,Female,Marketing,40000,2017-07-17,4,45
930,Employee_930,47,Female,IT,40500,2017-07-18,,46
931,Employee_931,33,Female,IT,29000,2017-07-19,4,42
932,Employee_932,47,Male,Sales,94000,2017-07-20,5,52
933,Employee_933,34,Female,Finance,29500,2017-07-21,5,43
934,Employee_934,39,Male,Sales,33000,2017-07-22,2,58
935,Employee_935,46,Male,Sales,58500,2017-07-23,2,36
936,Employee_936,54,Male,HR,48500,2017-07-24,1,43
937,Employee_937,33,Male,Sales,80000,2017-07-25,4,
938,Employee_938,57,Female,Marketing,86000,2017-07-26,4,44
939,Employee_939,25,Male,Marketing,99000,2017-07-27,5,41
940,Employee_940,26,Male,HR,75000,2017-07-28,1,46
941,Employee_941,58,Female,Finance,75500,2017-07-29,,38
942,Employee_942,29,Female,Finance,57000,2017-07-30,4,51
943,Employee_943,49,Male,Sales,50000,2017-07-31,1,44
944,Employee_944,52,Female,Sales,42500,2017-08-01,1,41
945,Employee_945,30,Male,Sales,65000,2017-08-02,5,31
946,Employee_946,50,Male,Finance,88000,2017-08-03,1,34
947,Employee_947,35,Male,IT,68500,2017-08-04,2,42
948,Employee_948,43,Male,Marketing,76500,2017-08-05,2,56
949,Employee_949,32,Female,IT,32000,2017-08-06,3,49
950,Employee_950,44,Male,IT,72500,2017-08-07,5,52
951,Employee_951,22,Female,Finance,86000,2017-08-08,,37
952,Employee_952,58,Female,IT,25000,2017-08-09,3,
953,Employee_953,42,Female,HR,100000,2017-08-10,2,56
954,Employee_954,47,Female,Sales,85500,2017-08-11,3,43
955,Employee_955,57,Male,HR,87500,2017-08-12,5,44
956,Employee_956,44,Female,Marketing,53000,2017-08-13,5,40
957,Employee_957,22,Male,Sales,65000,2017-08-14,1,30
958,Employee_958,36,Female,IT,61000,2017-08-15,4,50
959,Employee_959,42,Female,Marketing,95000,2017-08-16,1,60
960,Employee_960,30,Male,Sales,59500,2017-08-17,5,32
961,Employee_961,30,Male,IT,27500,2017-08-18,2,46
962,Employee_962,31,Male,HR,66500,2017-08-19,,57
963,Employee_963,47,Female,Sales,50500,2017-08-20,2,48
964,Employee_964,56,Female,IT,26000,2017-08-21,1,43
965,Employee_965,46,Male,HR,65000,2017-08-22,,51
966,Employee_966,47,Male,Marketing,56000,2017-08-23,5,59
967,Employee_967,32,Male,Marketing,49000,2017-08-24,2,52
968,Employee_968,59,Male,Marketing,62500,2017-08-25,5,
969,Employee_969,23,Female,Marketing,80500,2017-08-26,,37
970,Employee_970,28,Male,Finance,79000,2017-08-27,,42
971,Employee_971,39,Male,Sales,57000,2017-08-28,2,56
972,Employee_972,48,Male,Sales,65000,2017-08-29,5,49
973,Employee_973,55,Male,Finance,32000,2017-08-30,3,32
974,Employee_974,48,Female,IT,74500,2017-08-31,5,34
975,Employee_975,38,Male,IT,40500,2017-09-01,,38
976,Employee_976,45,Female,Marketing,72500,2017-09-02,5,58
977,Employee_977,46,Male,HR,88500,2017-09-03,1,35
978,Employee_978,28,Male,IT,97500,2017-09-04,3,60
979,Employee_979,27,Female,HR,81000,2017-09-05,4,54
980,Employee_980,45,Male,Sales,66000,2017-09-06,1,60
981,Employee_981,54,Female,HR,46000,2017-09-07,4,51
982,Employee_982,50,Female,Sales,82500,2017-09-08,2,31
983,Employee_983,43,Male,Finance,63500,2017-09-09,4,42
984,Employee_984,47,Female,Finance,53500,2017-09-10,5,34
985,Employee_985,49,Female,Marketing,41000,2017-09-11,4,57
986,Employee_986,42,Female,IT,31500,2017-09-12,,56
987,Employee_987,28,Female,Marketing,90500,2017-09-13,1,54
988,Employee_988,38,Female,Sales,54000,2017-09-14,1,37
989,Employee_989,41,Female,Marketing,66000,2017-09-15,4,52
990,Employee_990,41,Female,HR,91500,2017-09-16,1,30
991,Employee_991,43,Female,Sales,85000,2017-09-17,,49
992,Employee_992,49,Male,Finance,66000,2017-09-18,1,41
993,Employee_993,28,Male,IT,38000,2017-09-19,4,52
994,Employee_994,22,Female,Sales,64500,2017-09-20,3,
995,Employee_995,53,Male,Sales,91500,2017-09-21,3,40
996,Employee_996,34,Female,HR,31000,2017-09-22,2,36
997,Employee_997,51,Female,IT,56500,2017-09-23,1,44
998,Employee_998,44,Male,Finance,98000,2017-09-24,4,51
999,Employee_999,40,Female,Sales,64500,2017-09-25,1,53
1000,Employee_1000,53,Female,Sales,86000,2017-09-26,5,40
